Status.U5MR,OBS_VALUE_ANC4,OBS_VALUE_SBA
Acceleration Needed,60.9825,75.8275
Achieved,85.17435897435898,97.79743589743589
On Track,65.475,84.225
