Status.U5MR,Weighted_ANC4,Weighted_SBA
Acceleration Needed,55.39568269812504,68.98726338753971
Achieved,85.56212391742105,97.06392580870133
On Track,56.67061585992,86.99014696156793
